INSERT INTO NHANSU (MANV, HOTEN, PHAI, NGSINH, PHUCAP, DT, VAITRO, MADV) VALUES ('NV001', 'Nhân sự 1', 'M', TO_DATE('1977-12-28', 'YYYY-MM-DD'), 2892.23, '0983396884', 'Nhân viên cơ bản', NULL);
INSERT INTO NHANSU (MANV, HOTEN, PHAI, NGSINH, PHUCAP, DT, VAITRO, MADV) VALUES ('NV002', 'Nhân sự 2', 'M', TO_DATE('1975-01-10', 'YYYY-MM-DD'), 2370.83, '0949444015', 'Nhân viên cơ bản', NULL);
INSERT INTO NHANSU (MANV, HOTEN, PHAI, NGSINH, PHUCAP, DT, VAITRO, MADV) VALUES ('NV003', 'Nhân sự 3', 'F', TO_DATE('1998-04-18', 'YYYY-MM-DD'), 3498.6, '0941675803', 'Nhân viên cơ bản', NULL);
INSERT INTO NHANSU (MANV, HOTEN, PHAI, NGSINH, PHUCAP, DT, VAITRO, MADV) VALUES ('NV004', 'Nhân sự 4', 'M', TO_DATE('1999-09-26', 'YYYY-MM-DD'), 3874.67, '0941662167', 'Nhân viên cơ bản', NULL);
INSERT INTO NHANSU (MANV, HOTEN, PHAI, NGSINH, PHUCAP, DT, VAITRO, MADV) VALUES ('NV005', 'Nhân sự 5', 'F', TO_DATE('1990-08-17', 'YYYY-MM-DD'), 4240.67, '0983523060', 'Nhân viên cơ bản', NULL);
INSERT INTO NHANSU (MANV, HOTEN, PHAI, NGSINH, PHUCAP, DT, VAITRO, MADV) VALUES ('NV006', 'Nhân sự 6', 'F', TO_DATE('1981-12-01', 'YYYY-MM-DD'), 1472.58, '0950132992', 'Nhân viên cơ bản', NULL);
INSERT INTO NHANSU (MANV, HOTEN, PHAI, NGSINH, PHUCAP, DT, VAITRO, MADV) VALUES ('NV007', 'Nhân sự 7', 'F', TO_DATE('1979-03-16', 'YYYY-MM-DD'), 2265.56, '0952141448', 'Nhân viên cơ bản', NULL);
INSERT INTO NHANSU (MANV, HOTEN, PHAI, NGSINH, PHUCAP, DT, VAITRO, MADV) VALUES ('NV008', 'Nhân sự 8', 'M', TO_DATE('1986-06-28', 'YYYY-MM-DD'), 2164.72, '0974755418', 'Nhân viên cơ bản', NULL);
INSERT INTO NHANSU (MANV, HOTEN, PHAI, NGSINH, PHUCAP, DT, VAITRO, MADV) VALUES ('NV009', 'Nhân sự 9', 'F', TO_DATE('1974-07-17', 'YYYY-MM-DD'), 3903.02, '0965775023', 'Nhân viên cơ bản', NULL);
INSERT INTO NHANSU (MANV, HOTEN, PHAI, NGSINH, PHUCAP, DT, VAITRO, MADV) VALUES ('NV010', 'Nhân sự 10', 'M', TO_DATE('1995-01-15', 'YYYY-MM-DD'), 4542.13, '0938248376', 'Nhân viên cơ bản', NULL);
INSERT INTO NHANSU (MANV, HOTEN, PHAI, NGSINH, PHUCAP, DT, VAITRO, MADV) VALUES ('NV011', 'Nhân sự 11', 'F', TO_DATE('1991-12-23', 'YYYY-MM-DD'), 2828.71, '0962293464', 'Giảng viên', NULL);
INSERT INTO NHANSU (MANV, HOTEN, PHAI, NGSINH, PHUCAP, DT, VAITRO, MADV) VALUES ('NV012', 'Nhân sự 12', 'M', TO_DATE('1983-02-12', 'YYYY-MM-DD'), 1396.16, '0970485867', 'Giảng viên', NULL);
INSERT INTO NHANSU (MANV, HOTEN, PHAI, NGSINH, PHUCAP, DT, VAITRO, MADV) VALUES ('NV013', 'Nhân sự 13', 'M', TO_DATE('1985-01-01', 'YYYY-MM-DD'), 4757.09, '0940997298', 'Giảng viên', NULL);
INSERT INTO NHANSU (MANV, HOTEN, PHAI, NGSINH, PHUCAP, DT, VAITRO, MADV) VALUES ('NV014', 'Nhân sự 14', 'F', TO_DATE('1978-12-05', 'YYYY-MM-DD'), 2660.66, '0970992075', 'Giảng viên', NULL);
INSERT INTO NHANSU (MANV, HOTEN, PHAI, NGSINH, PHUCAP, DT, VAITRO, MADV) VALUES ('NV015', 'Nhân sự 15', 'F', TO_DATE('1975-11-26', 'YYYY-MM-DD'), 4450.97, '0911592176', 'Giảng viên', NULL);
INSERT INTO NHANSU (MANV, HOTEN, PHAI, NGSINH, PHUCAP, DT, VAITRO, MADV) VALUES ('NV016', 'Nhân sự 16', 'F', TO_DATE('1994-03-18', 'YYYY-MM-DD'), 1438.7, '0983757939', 'Giảng viên', NULL);
INSERT INTO NHANSU (MANV, HOTEN, PHAI, NGSINH, PHUCAP, DT, VAITRO, MADV) VALUES ('NV017', 'Nhân sự 17', 'M', TO_DATE('1986-05-24', 'YYYY-MM-DD'), 3035.31, '0975009472', 'Giảng viên', NULL);
INSERT INTO NHANSU (MANV, HOTEN, PHAI, NGSINH, PHUCAP, DT, VAITRO, MADV) VALUES ('NV018', 'Nhân sự 18', 'F', TO_DATE('1988-05-04', 'YYYY-MM-DD'), 3496.02, '0952702393', 'Giảng viên', NULL);
INSERT INTO NHANSU (MANV, HOTEN, PHAI, NGSINH, PHUCAP, DT, VAITRO, MADV) VALUES ('NV019', 'Nhân sự 19', 'M', TO_DATE('1977-09-06', 'YYYY-MM-DD'), 3210.77, '0916186587', 'Giảng viên', NULL);
INSERT INTO NHANSU (MANV, HOTEN, PHAI, NGSINH, PHUCAP, DT, VAITRO, MADV) VALUES ('NV020', 'Nhân sự 20', 'M', TO_DATE('1988-04-27', 'YYYY-MM-DD'), 2822.5, '0942666391', 'Giảng viên', NULL);
INSERT INTO NHANSU (MANV, HOTEN, PHAI, NGSINH, PHUCAP, DT, VAITRO, MADV) VALUES ('NV021', 'Nhân sự 21', 'M', TO_DATE('1996-10-14', 'YYYY-MM-DD'), 1787.52, '0955145501', 'Giảng viên', NULL);
INSERT INTO NHANSU (MANV, HOTEN, PHAI, NGSINH, PHUCAP, DT, VAITRO, MADV) VALUES ('NV022', 'Nhân sự 22', 'F', TO_DATE('1988-01-16', 'YYYY-MM-DD'), 4773.45, '0950308525', 'Giảng viên', NULL);
INSERT INTO NHANSU (MANV, HOTEN, PHAI, NGSINH, PHUCAP, DT, VAITRO, MADV) VALUES ('NV023', 'Nhân sự 23', 'M', TO_DATE('1998-08-03', 'YYYY-MM-DD'), 1391.71, '0959061657', 'Giảng viên', NULL);
INSERT INTO NHANSU (MANV, HOTEN, PHAI, NGSINH, PHUCAP, DT, VAITRO, MADV) VALUES ('NV024', 'Nhân sự 24', 'M', TO_DATE('1987-10-19', 'YYYY-MM-DD'), 2440.18, '0916552921', 'Giảng viên', NULL);
INSERT INTO NHANSU (MANV, HOTEN, PHAI, NGSINH, PHUCAP, DT, VAITRO, MADV) VALUES ('NV025', 'Nhân sự 25', 'M', TO_DATE('1988-07-05', 'YYYY-MM-DD'), 2321.84, '0910253998', 'Giảng viên', NULL);
INSERT INTO NHANSU (MANV, HOTEN, PHAI, NGSINH, PHUCAP, DT, VAITRO, MADV) VALUES ('NV026', 'Nhân sự 26', 'F', TO_DATE('1990-08-18', 'YYYY-MM-DD'), 2293.66, '0916340181', 'Giảng viên', NULL);
INSERT INTO NHANSU (MANV, HOTEN, PHAI, NGSINH, PHUCAP, DT, VAITRO, MADV) VALUES ('NV027', 'Nhân sự 27', 'M', TO_DATE('1981-04-28', 'YYYY-MM-DD'), 2878.36, '0948822521', 'Giảng viên', NULL);
INSERT INTO NHANSU (MANV, HOTEN, PHAI, NGSINH, PHUCAP, DT, VAITRO, MADV) VALUES ('NV028', 'Nhân sự 28', 'F', TO_DATE('1994-04-25', 'YYYY-MM-DD'), 2942.02, '0983813766', 'Giảng viên', NULL);
INSERT INTO NHANSU (MANV, HOTEN, PHAI, NGSINH, PHUCAP, DT, VAITRO, MADV) VALUES ('NV029', 'Nhân sự 29', 'M', TO_DATE('1982-10-17', 'YYYY-MM-DD'), 3240.06, '0914148044', 'Giảng viên', NULL);
INSERT INTO NHANSU (MANV, HOTEN, PHAI, NGSINH, PHUCAP, DT, VAITRO, MADV) VALUES ('NV030', 'Nhân sự 30', 'F', TO_DATE('1987-10-16', 'YYYY-MM-DD'), 1341.01, '0933007413', 'Giảng viên', NULL);
INSERT INTO NHANSU (MANV, HOTEN, PHAI, NGSINH, PHUCAP, DT, VAITRO, MADV) VALUES ('NV031', 'Nhân sự 31', 'F', TO_DATE('1997-11-25', 'YYYY-MM-DD'), 2233.8, '0968750804', 'Giảng viên', NULL);
INSERT INTO NHANSU (MANV, HOTEN, PHAI, NGSINH, PHUCAP, DT, VAITRO, MADV) VALUES ('NV032', 'Nhân sự 32', 'M', TO_DATE('1993-04-12', 'YYYY-MM-DD'), 3352.01, '0912639792', 'Giảng viên', NULL);
INSERT INTO NHANSU (MANV, HOTEN, PHAI, NGSINH, PHUCAP, DT, VAITRO, MADV) VALUES ('NV033', 'Nhân sự 33', 'M', TO_DATE('1993-01-04', 'YYYY-MM-DD'), 3497.48, '0957011503', 'Giảng viên', NULL);
INSERT INTO NHANSU (MANV, HOTEN, PHAI, NGSINH, PHUCAP, DT, VAITRO, MADV) VALUES ('NV034', 'Nhân sự 34', 'M', TO_DATE('1979-10-17', 'YYYY-MM-DD'), 2724.44, '0979670667', 'Giảng viên', NULL);
INSERT INTO NHANSU (MANV, HOTEN, PHAI, NGSINH, PHUCAP, DT, VAITRO, MADV) VALUES ('NV035', 'Nhân sự 35', 'F', TO_DATE('1988-07-08', 'YYYY-MM-DD'), 2558.53, '0944375991', 'Giảng viên', NULL);
INSERT INTO NHANSU (MANV, HOTEN, PHAI, NGSINH, PHUCAP, DT, VAITRO, MADV) VALUES ('NV036', 'Nhân sự 36', 'F', TO_DATE('1978-08-27', 'YYYY-MM-DD'), 1353.24, '0949463166', 'Giảng viên', NULL);
INSERT INTO NHANSU (MANV, HOTEN, PHAI, NGSINH, PHUCAP, DT, VAITRO, MADV) VALUES ('NV037', 'Nhân sự 37', 'M', TO_DATE('1983-02-28', 'YYYY-MM-DD'), 2625.48, '0947876410', 'Giảng viên', NULL);
INSERT INTO NHANSU (MANV, HOTEN, PHAI, NGSINH, PHUCAP, DT, VAITRO, MADV) VALUES ('NV038', 'Nhân sự 38', 'M', TO_DATE('1998-10-05', 'YYYY-MM-DD'), 2264.01, '0980978971', 'Giảng viên', NULL);
INSERT INTO NHANSU (MANV, HOTEN, PHAI, NGSINH, PHUCAP, DT, VAITRO, MADV) VALUES ('NV039', 'Nhân sự 39', 'F', TO_DATE('1984-08-07', 'YYYY-MM-DD'), 4505.12, '0976790220', 'Giảng viên', NULL);
INSERT INTO NHANSU (MANV, HOTEN, PHAI, NGSINH, PHUCAP, DT, VAITRO, MADV) VALUES ('NV040', 'Nhân sự 40', 'F', TO_DATE('1987-02-20', 'YYYY-MM-DD'), 2490.83, '0956429684', 'Giảng viên', NULL);
INSERT INTO NHANSU (MANV, HOTEN, PHAI, NGSINH, PHUCAP, DT, VAITRO, MADV) VALUES ('NV041', 'Nhân sự 41', 'F', TO_DATE('1983-10-06', 'YYYY-MM-DD'), 2594.6, '0979373282', 'Giảng viên', NULL);
INSERT INTO NHANSU (MANV, HOTEN, PHAI, NGSINH, PHUCAP, DT, VAITRO, MADV) VALUES ('NV042', 'Nhân sự 42', 'F', TO_DATE('1992-04-10', 'YYYY-MM-DD'), 4950.11, '0934375948', 'Giảng viên', NULL);
INSERT INTO NHANSU (MANV, HOTEN, PHAI, NGSINH, PHUCAP, DT, VAITRO, MADV) VALUES ('NV043', 'Nhân sự 43', 'M', TO_DATE('1990-11-12', 'YYYY-MM-DD'), 3493.55, '0968390477', 'Giảng viên', NULL);
INSERT INTO NHANSU (MANV, HOTEN, PHAI, NGSINH, PHUCAP, DT, VAITRO, MADV) VALUES ('NV044', 'Nhân sự 44', 'M', TO_DATE('1980-08-24', 'YYYY-MM-DD'), 4636.11, '0976790976', 'Giảng viên', NULL);
INSERT INTO NHANSU (MANV, HOTEN, PHAI, NGSINH, PHUCAP, DT, VAITRO, MADV) VALUES ('NV045', 'Nhân sự 45', 'F', TO_DATE('1980-08-21', 'YYYY-MM-DD'), 2213.93, '0945088794', 'Giảng viên', NULL);
INSERT INTO NHANSU (MANV, HOTEN, PHAI, NGSINH, PHUCAP, DT, VAITRO, MADV) VALUES ('NV046', 'Nhân sự 46', 'F', TO_DATE('1978-04-13', 'YYYY-MM-DD'), 1714.46, '0957286638', 'Giảng viên', NULL);
INSERT INTO NHANSU (MANV, HOTEN, PHAI, NGSINH, PHUCAP, DT, VAITRO, MADV) VALUES ('NV047', 'Nhân sự 47', 'F', TO_DATE('1981-12-01', 'YYYY-MM-DD'), 3767.71, '0915467521', 'Giảng viên', NULL);
INSERT INTO NHANSU (MANV, HOTEN, PHAI, NGSINH, PHUCAP, DT, VAITRO, MADV) VALUES ('NV048', 'Nhân sự 48', 'M', TO_DATE('1987-07-06', 'YYYY-MM-DD'), 3432.05, '0958669272', 'Giảng viên', NULL);
INSERT INTO NHANSU (MANV, HOTEN, PHAI, NGSINH, PHUCAP, DT, VAITRO, MADV) VALUES ('NV049', 'Nhân sự 49', 'F', TO_DATE('1992-09-13', 'YYYY-MM-DD'), 3258.85, '0932229347', 'Giảng viên', NULL);
INSERT INTO NHANSU (MANV, HOTEN, PHAI, NGSINH, PHUCAP, DT, VAITRO, MADV) VALUES ('NV050', 'Nhân sự 50', 'M', TO_DATE('1997-12-22', 'YYYY-MM-DD'), 2806.22, '0983430876', 'Giảng viên', NULL);
INSERT INTO NHANSU (MANV, HOTEN, PHAI, NGSINH, PHUCAP, DT, VAITRO, MADV) VALUES ('NV051', 'Nhân sự 51', 'F', TO_DATE('1985-03-21', 'YYYY-MM-DD'), 2850.75, '0945678345', 'Giảng viên', NULL);
INSERT INTO NHANSU (MANV, HOTEN, PHAI, NGSINH, PHUCAP, DT, VAITRO, MADV) VALUES ('NV052', 'Nhân sự 52', 'M', TO_DATE('1990-06-12', 'YYYY-MM-DD'), 3100.40, '0975678123', 'Giảng viên', NULL);
INSERT INTO NHANSU (MANV, HOTEN, PHAI, NGSINH, PHUCAP, DT, VAITRO, MADV) VALUES ('NV053', 'Nhân sự 53', 'M', TO_DATE('1983-11-30', 'YYYY-MM-DD'), 2600.25, '0984567321', 'Giảng viên', NULL);
INSERT INTO NHANSU (MANV, HOTEN, PHAI, NGSINH, PHUCAP, DT, VAITRO, MADV) VALUES ('NV054', 'Nhân sự 54', 'F', TO_DATE('1989-05-19', 'YYYY-MM-DD'), 2700.00, '0932345678', 'Giảng viên', NULL);
INSERT INTO NHANSU (MANV, HOTEN, PHAI, NGSINH, PHUCAP, DT, VAITRO, MADV) VALUES ('NV055', 'Nhân sự 55', 'M', TO_DATE('1992-01-11', 'YYYY-MM-DD'), 2450.35, '0912345687', 'Giảng viên', NULL);
INSERT INTO NHANSU (MANV, HOTEN, PHAI, NGSINH, PHUCAP, DT, VAITRO, MADV) VALUES ('NV056', 'Nhân sự 56', 'F', TO_DATE('1986-04-23', 'YYYY-MM-DD'), 2500.50, '0923456789', 'Giảng viên', NULL);
INSERT INTO NHANSU (MANV, HOTEN, PHAI, NGSINH, PHUCAP, DT, VAITRO, MADV) VALUES ('NV057', 'Nhân sự 57', 'M', TO_DATE('1993-02-10', 'YYYY-MM-DD'), 2400.00, '0934567890', 'Giảng viên', NULL);
INSERT INTO NHANSU (MANV, HOTEN, PHAI, NGSINH, PHUCAP, DT, VAITRO, MADV) VALUES ('NV058', 'Nhân sự 58', 'F', TO_DATE('1990-09-15', 'YYYY-MM-DD'), 2900.75, '0945678910', 'Giảng viên', NULL);
INSERT INTO NHANSU (MANV, HOTEN, PHAI, NGSINH, PHUCAP, DT, VAITRO, MADV) VALUES ('NV059', 'Nhân sự 59', 'M', TO_DATE('1988-12-22', 'YYYY-MM-DD'), 3200.60, '0956789123', 'Giảng viên', NULL);
INSERT INTO NHANSU (MANV, HOTEN, PHAI, NGSINH, PHUCAP, DT, VAITRO, MADV) VALUES ('NV060', 'Nhân sự 60', 'F', TO_DATE('1991-07-09', 'YYYY-MM-DD'), 2750.00, '0967891234', 'Giảng viên', NULL);

INSERT INTO NHANSU (MANV, HOTEN, PHAI, NGSINH, PHUCAP, DT, VAITRO, MADV) VALUES ('NV061', 'Nhân sự 61', 'F', TO_DATE('1992-12-12', 'YYYY-MM-DD'), 3350.50, '0912345670', 'Giảng viên', NULL);
INSERT INTO NHANSU (MANV, HOTEN, PHAI, NGSINH, PHUCAP, DT, VAITRO, MADV) VALUES ('NV062', 'Nhân sự 62', 'M', TO_DATE('1987-03-05', 'YYYY-MM-DD'), 3450.75, '0923456781', 'Giảng viên', NULL);
INSERT INTO NHANSU (MANV, HOTEN, PHAI, NGSINH, PHUCAP, DT, VAITRO, MADV) VALUES ('NV063', 'Nhân sự 63', 'M', TO_DATE('1984-06-16', 'YYYY-MM-DD'), 3050.00, '0934567892', 'Giảng viên', NULL);
INSERT INTO NHANSU (MANV, HOTEN, PHAI, NGSINH, PHUCAP, DT, VAITRO, MADV) VALUES ('NV064', 'Nhân sự 64', 'F', TO_DATE('1993-08-28', 'YYYY-MM-DD'), 3100.00, '0945678903', 'Giảng viên', NULL);
INSERT INTO NHANSU (MANV, HOTEN, PHAI, NGSINH, PHUCAP, DT, VAITRO, MADV) VALUES ('NV065', 'Nhân sự 65', 'M', TO_DATE('1985-11-19', 'YYYY-MM-DD'), 2700.35, '0956789014', 'Giảng viên', NULL);
INSERT INTO NHANSU (MANV, HOTEN, PHAI, NGSINH, PHUCAP, DT, VAITRO, MADV) VALUES ('NV066', 'Nhân sự 66', 'F', TO_DATE('1991-05-20', 'YYYY-MM-DD'), 2750.50, '0967890125', 'Giảng viên', NULL);
INSERT INTO NHANSU (MANV, HOTEN, PHAI, NGSINH, PHUCAP, DT, VAITRO, MADV) VALUES ('NV067', 'Nhân sự 67', 'M', TO_DATE('1989-04-09', 'YYYY-MM-DD'), 2800.00, '0978901236', 'Giảng viên', NULL);
INSERT INTO NHANSU (MANV, HOTEN, PHAI, NGSINH, PHUCAP, DT, VAITRO, MADV) VALUES ('NV068', 'Nhân sự 68', 'F', TO_DATE('1994-03-11', 'YYYY-MM-DD'), 2850.75, '0989012347', 'Giảng viên', NULL);
INSERT INTO NHANSU (MANV, HOTEN, PHAI, NGSINH, PHUCAP, DT, VAITRO, MADV) VALUES ('NV069', 'Nhân sự 69', 'M', TO_DATE('1986-10-23', 'YYYY-MM-DD'), 2900.00, '0990123458', 'Giảng viên', NULL);
INSERT INTO NHANSU (MANV, HOTEN, PHAI, NGSINH, PHUCAP, DT, VAITRO, MADV) VALUES ('NV070', 'Nhân sự 70', 'F', TO_DATE('1988-01-24', 'YYYY-MM-DD'), 2950.75, '0911234569', 'Giảng viên', NULL);

INSERT INTO NHANSU (MANV, HOTEN, PHAI, NGSINH, PHUCAP, DT, VAITRO, MADV) VALUES ('NV071', 'Nhân sự 71', 'F', TO_DATE('1987-12-31', 'YYYY-MM-DD'), 3000.50, '0922345670', 'Giảng viên', NULL);
INSERT INTO NHANSU (MANV, HOTEN, PHAI, NGSINH, PHUCAP, DT, VAITRO, MADV) VALUES ('NV072', 'Nhân sự 72', 'M', TO_DATE('1990-05-18', 'YYYY-MM-DD'), 3100.75, '0933456781', 'Giảng viên', NULL);
INSERT INTO NHANSU (MANV, HOTEN, PHAI, NGSINH, PHUCAP, DT, VAITRO, MADV) VALUES ('NV073', 'Nhân sự 73', 'M', TO_DATE('1992-07-29', 'YYYY-MM-DD'), 3200.00, '0944567892', 'Giảng viên', NULL);
INSERT INTO NHANSU (MANV, HOTEN, PHAI, NGSINH, PHUCAP, DT, VAITRO, MADV) VALUES ('NV074', 'Nhân sự 74', 'F', TO_DATE('1989-11-12', 'YYYY-MM-DD'), 3300.00, '0955678903', 'Giảng viên', NULL);
INSERT INTO NHANSU (MANV, HOTEN, PHAI, NGSINH, PHUCAP, DT, VAITRO, MADV) VALUES ('NV075', 'Nhân sự 75', 'M', TO_DATE('1991-03-22', 'YYYY-MM-DD'), 3400.35, '0966789014', 'Giảng viên', NULL);
INSERT INTO NHANSU (MANV, HOTEN, PHAI, NGSINH, PHUCAP, DT, VAITRO, MADV) VALUES ('NV076', 'Nhân sự 76', 'F', TO_DATE('1985-06-13', 'YYYY-MM-DD'), 3500.50, '0977890125', 'Giảng viên', NULL);
INSERT INTO NHANSU (MANV, HOTEN, PHAI, NGSINH, PHUCAP, DT, VAITRO, MADV) VALUES ('NV077', 'Nhân sự 77', 'M', TO_DATE('1993-02-28', 'YYYY-MM-DD'), 3600.00, '0988901236', 'Giảng viên', NULL);
INSERT INTO NHANSU (MANV, HOTEN, PHAI, NGSINH, PHUCAP, DT, VAITRO, MADV) VALUES ('NV078', 'Nhân sự 78', 'F', TO_DATE('1990-09-14', 'YYYY-MM-DD'), 3700.75, '0999012347', 'Giảng viên', NULL);
INSERT INTO NHANSU (MANV, HOTEN, PHAI, NGSINH, PHUCAP, DT, VAITRO, MADV) VALUES ('NV079', 'Nhân sự 79', 'M', TO_DATE('1987-12-19', 'YYYY-MM-DD'), 3800.60, '0910123458', 'Giảng viên', NULL);
INSERT INTO NHANSU (MANV, HOTEN, PHAI, NGSINH, PHUCAP, DT, VAITRO, MADV) VALUES ('NV080', 'Nhân sự 80', 'F', TO_DATE('1992-11-25', 'YYYY-MM-DD'), 3900.00, '0921234569', 'Giảng viên', NULL);
INSERT INTO NHANSU (MANV, HOTEN, PHAI, NGSINH, PHUCAP, DT, VAITRO, MADV) VALUES ('NV081', 'Nhân sự 81', 'M', TO_DATE('1990-04-05', 'YYYY-MM-DD'), 4000.50, '0932345670', 'Giảng viên', NULL);
INSERT INTO NHANSU (MANV, HOTEN, PHAI, NGSINH, PHUCAP, DT, VAITRO, MADV) VALUES ('NV082', 'Nhân sự 82', 'F', TO_DATE('1993-08-17', 'YYYY-MM-DD'), 4100.75, '0943456781', 'Giảng viên', NULL);
INSERT INTO NHANSU (MANV, HOTEN, PHAI, NGSINH, PHUCAP, DT, VAITRO, MADV) VALUES ('NV083', 'Nhân sự 83', 'M', TO_DATE('1987-06-21', 'YYYY-MM-DD'), 4200.00, '0954567892', 'Giảng viên', NULL);
INSERT INTO NHANSU (MANV, HOTEN, PHAI, NGSINH, PHUCAP, DT, VAITRO, MADV) VALUES ('NV084', 'Nhân sự 84', 'F', TO_DATE('1989-11-29', 'YYYY-MM-DD'), 4300.00, '0965678903', 'Giảng viên', NULL);
INSERT INTO NHANSU (MANV, HOTEN, PHAI, NGSINH, PHUCAP, DT, VAITRO, MADV) VALUES ('NV085', 'Nhân sự 85', 'M', TO_DATE('1991-01-15', 'YYYY-MM-DD'), 4400.35, '0976789014', 'Giảng viên', NULL);
INSERT INTO NHANSU (MANV, HOTEN, PHAI, NGSINH, PHUCAP, DT, VAITRO, MADV) VALUES ('NV086', 'Nhân sự 86', 'F', TO_DATE('1986-05-08', 'YYYY-MM-DD'), 4500.50, '0987890125', 'Giảng viên', NULL);
INSERT INTO NHANSU (MANV, HOTEN, PHAI, NGSINH, PHUCAP, DT, VAITRO, MADV) VALUES ('NV087', 'Nhân sự 87', 'M', TO_DATE('1992-02-26', 'YYYY-MM-DD'), 4600.00, '0998901236', 'Giảng viên', NULL);
INSERT INTO NHANSU (MANV, HOTEN, PHAI, NGSINH, PHUCAP, DT, VAITRO, MADV) VALUES ('NV088', 'Nhân sự 88', 'F', TO_DATE('1990-09-18', 'YYYY-MM-DD'), 4700.75, '0919012347', 'Giảng viên', NULL);
INSERT INTO NHANSU (MANV, HOTEN, PHAI, NGSINH, PHUCAP, DT, VAITRO, MADV) VALUES ('NV089', 'Nhân sự 89', 'M', TO_DATE('1987-07-13', 'YYYY-MM-DD'), 4800.60, '0920123458', 'Giảng viên', NULL);
INSERT INTO NHANSU (MANV, HOTEN, PHAI, NGSINH, PHUCAP, DT, VAITRO, MADV) VALUES ('NV090', 'Nhân sự 90', 'F', TO_DATE('1992-11-25', 'YYYY-MM-DD'), 4900.00, '0931234569', 'Giảng viên', NULL);
INSERT INTO NHANSU (MANV, HOTEN, PHAI, NGSINH, PHUCAP, DT, VAITRO, MADV) VALUES ('NV090', 'Nhân sự 90', 'F', TO_DATE('1992-11-25', 'YYYY-MM-DD'), 4900.00, '0931234569', 'Giáo vụ', NULL);
INSERT INTO NHANSU (MANV, HOTEN, PHAI, NGSINH, PHUCAP, DT, VAITRO, MADV) VALUES ('NV091', 'Nhân sự 91', 'M', TO_DATE('1990-06-10', 'YYYY-MM-DD'), 5000.50, '0942345670', 'Giáo vụ', NULL);
INSERT INTO NHANSU (MANV, HOTEN, PHAI, NGSINH, PHUCAP, DT, VAITRO, MADV) VALUES ('NV092', 'Nhân sự 92', 'F', TO_DATE('1993-09-27', 'YYYY-MM-DD'), 5100.75, '0953456781', 'Giáo vụ', NULL);
INSERT INTO NHANSU (MANV, HOTEN, PHAI, NGSINH, PHUCAP, DT, VAITRO, MADV) VALUES ('NV093', 'Nhân sự 93', 'M', TO_DATE('1987-03-14', 'YYYY-MM-DD'), 5200.00, '0964567892', 'Giáo vụ', NULL);
INSERT INTO NHANSU (MANV, HOTEN, PHAI, NGSINH, PHUCAP, DT, VAITRO, MADV) VALUES ('NV094', 'Nhân sự 94', 'F', TO_DATE('1989-10-01', 'YYYY-MM-DD'), 5300.00, '0975678903', 'Giáo vụ', NULL);
INSERT INTO NHANSU (MANV, HOTEN, PHAI, NGSINH, PHUCAP, DT, VAITRO, MADV) VALUES ('NV095', 'Nhân sự 95', 'M', TO_DATE('1991-05-20', 'YYYY-MM-DD'), 5400.35, '0986789014', 'Giáo vụ', NULL);
INSERT INTO NHANSU (MANV, HOTEN, PHAI, NGSINH, PHUCAP, DT, VAITRO, MADV) VALUES ('NV096', 'Nhân sự 96', 'F', TO_DATE('1986-08-05', 'YYYY-MM-DD'), 5500.50, '0997890125', 'Giáo vụ', NULL);
INSERT INTO NHANSU (MANV, HOTEN, PHAI, NGSINH, PHUCAP, DT, VAITRO, MADV) VALUES ('NV097', 'Nhân sự 97', 'M', TO_DATE('1992-11-10', 'YYYY-MM-DD'), 5600.00, '0918901236', 'Giáo vụ', NULL);
INSERT INTO NHANSU (MANV, HOTEN, PHAI, NGSINH, PHUCAP, DT, VAITRO, MADV) VALUES ('NV098', 'Nhân sự 98', 'F', TO_DATE('1990-04-29', 'YYYY-MM-DD'), 5700.75, '0929012347', 'Giáo vụ', NULL);
INSERT INTO NHANSU (MANV, HOTEN, PHAI, NGSINH, PHUCAP, DT, VAITRO, MADV) VALUES ('NV099', 'Nhân sự 99', 'M', TO_DATE('1987-12-19', 'YYYY-MM-DD'), 5800.60, '0930123458', 'Giáo vụ', NULL);

INSERT INTO NHANSU (MANV, HOTEN, PHAI, NGSINH, PHUCAP, DT, VAITRO, MADV) VALUES ('NV100', 'Nhân sự 100', 'F', TO_DATE('1992-01-25', 'YYYY-MM-DD'), 5900.00, '0941234569', 'Trưởng đơn vị', NULL);
INSERT INTO NHANSU (MANV, HOTEN, PHAI, NGSINH, PHUCAP, DT, VAITRO, MADV) VALUES ('NV101', 'Nhân sự 101', 'M', TO_DATE('1990-07-30', 'YYYY-MM-DD'), 6000.50, '0952345670', 'Trưởng đơn vị', NULL);
INSERT INTO NHANSU (MANV, HOTEN, PHAI, NGSINH, PHUCAP, DT, VAITRO, MADV) VALUES ('NV102', 'Nhân sự 102', 'F', TO_DATE('1993-10-11', 'YYYY-MM-DD'), 6100.75, '0963456781', 'Trưởng đơn vị', NULL);
INSERT INTO NHANSU (MANV, HOTEN, PHAI, NGSINH, PHUCAP, DT, VAITRO, MADV) VALUES ('NV103', 'Nhân sự 103', 'M', TO_DATE('1987-08-25', 'YYYY-MM-DD'), 6200.00, '0974567892', 'Trưởng đơn vị', NULL);
INSERT INTO NHANSU (MANV, HOTEN, PHAI, NGSINH, PHUCAP, DT, VAITRO, MADV) VALUES ('NV104', 'Nhân sự 104', 'F', TO_DATE('1989-11-14', 'YYYY-MM-DD'), 6300.00, '0985678903', 'Trưởng đơn vị', NULL);
INSERT INTO NHANSU (MANV, HOTEN, PHAI, NGSINH, PHUCAP, DT, VAITRO, MADV) VALUES ('NV105', 'Nhân sự 105', 'M', TO_DATE('1991-06-17', 'YYYY-MM-DD'), 6400.35, '0996789014', 'Trưởng đơn vị', NULL);

INSERT INTO NHANSU (MANV, HOTEN, PHAI, NGSINH, PHUCAP, DT, VAITRO, MADV) VALUES ('NV106', 'Nhân sự 106', 'F', TO_DATE('1986-09-03', 'YYYY-MM-DD'), 6500.50, '0917890125', 'Trưởng khoa', NULL);

INSERT INTO DONVI (MADV, TENDV, TRGDV) VALUES ('DV01', 'Văn phòng khoa', 'NV106');
INSERT INTO DONVI (MADV, TENDV, TRGDV) VALUES ('DV02', 'Bộ môn HTTT', 'NV094');
INSERT INTO DONVI (MADV, TENDV, TRGDV) VALUES ('DV03', 'Bộ môn CNPM', 'NV080');
INSERT INTO DONVI (MADV, TENDV, TRGDV) VALUES ('DV04', 'Bộ môn KHMT', 'NV021');
INSERT INTO DONVI (MADV, TENDV, TRGDV) VALUES ('DV05', 'Bộ môn CNTT', 'NV055');
INSERT INTO DONVI (MADV, TENDV, TRGDV) VALUES ('DV06', 'Bộ môn TGMT và Bộ môn MMT và Viễn thông', 'NV061');
INSERT INTO DONVI (MADV, TENDV, TRGDV) VALUES ('DV07', 'Đơn vị 7', 'NV087');
INSERT INTO DONVI (MADV, TENDV, TRGDV) VALUES ('DV08', 'Đơn vị 8', 'NV053');
INSERT INTO DONVI (MADV, TENDV, TRGDV) VALUES ('DV09', 'Đơn vị 9', 'NV051');
INSERT INTO DONVI (MADV, TENDV, TRGDV) VALUES ('DV10', 'Đơn vị 10', 'NV056');

UPDATE NHANSU SET MADV = 'DV01' WHERE MANV = 'NV001';
UPDATE NHANSU SET MADV = 'DV02' WHERE MANV = 'NV002';
UPDATE NHANSU SET MADV = 'DV03' WHERE MANV = 'NV003';
UPDATE NHANSU SET MADV = 'DV04' WHERE MANV = 'NV004';
UPDATE NHANSU SET MADV = 'DV05' WHERE MANV = 'NV005';
UPDATE NHANSU SET MADV = 'DV06' WHERE MANV = 'NV006';
UPDATE NHANSU SET MADV = 'DV07' WHERE MANV = 'NV007';
UPDATE NHANSU SET MADV = 'DV08' WHERE MANV = 'NV008';
UPDATE NHANSU SET MADV = 'DV09' WHERE MANV = 'NV009';
UPDATE NHANSU SET MADV = 'DV10' WHERE MANV = 'NV010';
UPDATE NHANSU SET MADV = 'DV01' WHERE MANV = 'NV011';
UPDATE NHANSU SET MADV = 'DV02' WHERE MANV = 'NV012';
UPDATE NHANSU SET MADV = 'DV03' WHERE MANV = 'NV013';
UPDATE NHANSU SET MADV = 'DV04' WHERE MANV = 'NV014';
UPDATE NHANSU SET MADV = 'DV05' WHERE MANV = 'NV015';
UPDATE NHANSU SET MADV = 'DV06' WHERE MANV = 'NV016';
UPDATE NHANSU SET MADV = 'DV07' WHERE MANV = 'NV017';
UPDATE NHANSU SET MADV = 'DV08' WHERE MANV = 'NV018';
UPDATE NHANSU SET MADV = 'DV09' WHERE MANV = 'NV019';
UPDATE NHANSU SET MADV = 'DV10' WHERE MANV = 'NV020';
UPDATE NHANSU SET MADV = 'DV04' WHERE MANV = 'NV021';
UPDATE NHANSU SET MADV = 'DV02' WHERE MANV = 'NV022';
UPDATE NHANSU SET MADV = 'DV03' WHERE MANV = 'NV023';
UPDATE NHANSU SET MADV = 'DV04' WHERE MANV = 'NV024';
UPDATE NHANSU SET MADV = 'DV05' WHERE MANV = 'NV025';
UPDATE NHANSU SET MADV = 'DV06' WHERE MANV = 'NV026';
UPDATE NHANSU SET MADV = 'DV07' WHERE MANV = 'NV027';
UPDATE NHANSU SET MADV = 'DV08' WHERE MANV = 'NV028';
UPDATE NHANSU SET MADV = 'DV09' WHERE MANV = 'NV029';
UPDATE NHANSU SET MADV = 'DV10' WHERE MANV = 'NV030';
UPDATE NHANSU SET MADV = 'DV01' WHERE MANV = 'NV031';
UPDATE NHANSU SET MADV = 'DV02' WHERE MANV = 'NV032';
UPDATE NHANSU SET MADV = 'DV03' WHERE MANV = 'NV033';
UPDATE NHANSU SET MADV = 'DV04' WHERE MANV = 'NV034';
UPDATE NHANSU SET MADV = 'DV05' WHERE MANV = 'NV035';
UPDATE NHANSU SET MADV = 'DV06' WHERE MANV = 'NV036';
UPDATE NHANSU SET MADV = 'DV07' WHERE MANV = 'NV037';
UPDATE NHANSU SET MADV = 'DV08' WHERE MANV = 'NV038';
UPDATE NHANSU SET MADV = 'DV09' WHERE MANV = 'NV039';
UPDATE NHANSU SET MADV = 'DV10' WHERE MANV = 'NV040';
UPDATE NHANSU SET MADV = 'DV01' WHERE MANV = 'NV041';
UPDATE NHANSU SET MADV = 'DV02' WHERE MANV = 'NV042';
UPDATE NHANSU SET MADV = 'DV03' WHERE MANV = 'NV043';
UPDATE NHANSU SET MADV = 'DV04' WHERE MANV = 'NV044';
UPDATE NHANSU SET MADV = 'DV05' WHERE MANV = 'NV045';
UPDATE NHANSU SET MADV = 'DV06' WHERE MANV = 'NV046';
UPDATE NHANSU SET MADV = 'DV07' WHERE MANV = 'NV047';
UPDATE NHANSU SET MADV = 'DV08' WHERE MANV = 'NV048';
UPDATE NHANSU SET MADV = 'DV09' WHERE MANV = 'NV049';
UPDATE NHANSU SET MADV = 'DV10' WHERE MANV = 'NV050';
UPDATE NHANSU SET MADV = 'DV09' WHERE MANV = 'NV051';
UPDATE NHANSU SET MADV = 'DV02' WHERE MANV = 'NV052';
UPDATE NHANSU SET MADV = 'DV08' WHERE MANV = 'NV053';
UPDATE NHANSU SET MADV = 'DV04' WHERE MANV = 'NV054';
UPDATE NHANSU SET MADV = 'DV05' WHERE MANV = 'NV055';
UPDATE NHANSU SET MADV = 'DV10' WHERE MANV = 'NV056';
UPDATE NHANSU SET MADV = 'DV07' WHERE MANV = 'NV057';
UPDATE NHANSU SET MADV = 'DV08' WHERE MANV = 'NV058';
UPDATE NHANSU SET MADV = 'DV09' WHERE MANV = 'NV059';
UPDATE NHANSU SET MADV = 'DV10' WHERE MANV = 'NV060';
UPDATE NHANSU SET MADV = 'DV06' WHERE MANV = 'NV061';
UPDATE NHANSU SET MADV = 'DV02' WHERE MANV = 'NV062';
UPDATE NHANSU SET MADV = 'DV03' WHERE MANV = 'NV063';
UPDATE NHANSU SET MADV = 'DV04' WHERE MANV = 'NV064';
UPDATE NHANSU SET MADV = 'DV05' WHERE MANV = 'NV065';
UPDATE NHANSU SET MADV = 'DV06' WHERE MANV = 'NV066';
UPDATE NHANSU SET MADV = 'DV07' WHERE MANV = 'NV067';
UPDATE NHANSU SET MADV = 'DV08' WHERE MANV = 'NV068';
UPDATE NHANSU SET MADV = 'DV09' WHERE MANV = 'NV069';
UPDATE NHANSU SET MADV = 'DV10' WHERE MANV = 'NV070';
UPDATE NHANSU SET MADV = 'DV01' WHERE MANV = 'NV071';
UPDATE NHANSU SET MADV = 'DV02' WHERE MANV = 'NV072';
UPDATE NHANSU SET MADV = 'DV03' WHERE MANV = 'NV073';
UPDATE NHANSU SET MADV = 'DV04' WHERE MANV = 'NV074';
UPDATE NHANSU SET MADV = 'DV05' WHERE MANV = 'NV075';
UPDATE NHANSU SET MADV = 'DV06' WHERE MANV = 'NV076';
UPDATE NHANSU SET MADV = 'DV07' WHERE MANV = 'NV077';
UPDATE NHANSU SET MADV = 'DV08' WHERE MANV = 'NV078';
UPDATE NHANSU SET MADV = 'DV09' WHERE MANV = 'NV079';
UPDATE NHANSU SET MADV = 'DV03' WHERE MANV = 'NV080';
UPDATE NHANSU SET MADV = 'DV01' WHERE MANV = 'NV081';
UPDATE NHANSU SET MADV = 'DV02' WHERE MANV = 'NV082';
UPDATE NHANSU SET MADV = 'DV03' WHERE MANV = 'NV083';
UPDATE NHANSU SET MADV = 'DV04' WHERE MANV = 'NV084';
UPDATE NHANSU SET MADV = 'DV05' WHERE MANV = 'NV085';
UPDATE NHANSU SET MADV = 'DV06' WHERE MANV = 'NV086';
UPDATE NHANSU SET MADV = 'DV07' WHERE MANV = 'NV087';
UPDATE NHANSU SET MADV = 'DV08' WHERE MANV = 'NV088';
UPDATE NHANSU SET MADV = 'DV09' WHERE MANV = 'NV089';
UPDATE NHANSU SET MADV = 'DV10' WHERE MANV = 'NV090';
UPDATE NHANSU SET MADV = 'DV01' WHERE MANV = 'NV091';
UPDATE NHANSU SET MADV = 'DV02' WHERE MANV = 'NV092';
UPDATE NHANSU SET MADV = 'DV03' WHERE MANV = 'NV093';
UPDATE NHANSU SET MADV = 'DV02' WHERE MANV = 'NV094';
UPDATE NHANSU SET MADV = 'DV05' WHERE MANV = 'NV095';
UPDATE NHANSU SET MADV = 'DV06' WHERE MANV = 'NV096';
UPDATE NHANSU SET MADV = 'DV07' WHERE MANV = 'NV097';
UPDATE NHANSU SET MADV = 'DV08' WHERE MANV = 'NV098';
UPDATE NHANSU SET MADV = 'DV09' WHERE MANV = 'NV099';
UPDATE NHANSU SET MADV = 'DV10' WHERE MANV = 'NV100';
UPDATE NHANSU SET MADV = 'DV06' WHERE MANV = 'NV101';
UPDATE NHANSU SET MADV = 'DV02' WHERE MANV = 'NV102';
UPDATE NHANSU SET MADV = 'DV03' WHERE MANV = 'NV103';
UPDATE NHANSU SET MADV = 'DV04' WHERE MANV = 'NV104';
UPDATE NHANSU SET MADV = 'DV05' WHERE MANV = 'NV105';
UPDATE NHANSU SET MADV = 'DV01' WHERE MANV = 'NV106';


INSERT INTO SINHVIEN (MASV, HOTEN, PHAI, NGSINH, DCHI, DT, MACT, MANGANH, SOTCTL, DTBTL) VALUES ('SV001', 'Sinh viên 1', 'F', TO_DATE('2003-09-26', 'YYYY-MM-DD'), 'Địa chỉ 1', '0916573963', 'CT05', 'NG05', 135, 9.38);
INSERT INTO SINHVIEN (MASV, HOTEN, PHAI, NGSINH, DCHI, DT, MACT, MANGANH, SOTCTL, DTBTL) VALUES ('SV002', 'Sinh viên 2', 'M', TO_DATE('1995-06-04', 'YYYY-MM-DD'), 'Địa chỉ 2', '0942541603', 'CT01', 'NG05', 141, 5.47);
INSERT INTO SINHVIEN (MASV, HOTEN, PHAI, NGSINH, DCHI, DT, MACT, MANGANH, SOTCTL, DTBTL) VALUES ('SV003', 'Sinh viên 3', 'F', TO_DATE('1999-05-06', 'YYYY-MM-DD'), 'Địa chỉ 3', '0931359235', 'CT04', 'NG03', 137, 5.29);
INSERT INTO SINHVIEN (MASV, HOTEN, PHAI, NGSINH, DCHI, DT, MACT, MANGANH, SOTCTL, DTBTL) VALUES ('SV004', 'Sinh viên 4', 'M', TO_DATE('2004-08-11', 'YYYY-MM-DD'), 'Địa chỉ 4', '0968448429', 'CT01', 'NG04', 127, 8.43);
INSERT INTO SINHVIEN (MASV, HOTEN, PHAI, NGSINH, DCHI, DT, MACT, MANGANH, SOTCTL, DTBTL) VALUES ('SV005', 'Sinh viên 5', 'M', TO_DATE('2001-03-21', 'YYYY-MM-DD'), 'Địa chỉ 5', '0925109274', 'CT02', 'NG03', 124, 7.17);
INSERT INTO SINHVIEN (MASV, HOTEN, PHAI, NGSINH, DCHI, DT, MACT, MANGANH, SOTCTL, DTBTL) VALUES ('SV006', 'Sinh viên 6', 'M', TO_DATE('2003-01-29', 'YYYY-MM-DD'), 'Địa chỉ 6', '0913749918', 'CT01', 'NG05', 131, 6.81);
INSERT INTO SINHVIEN (MASV, HOTEN, PHAI, NGSINH, DCHI, DT, MACT, MANGANH, SOTCTL, DTBTL) VALUES ('SV007', 'Sinh viên 7', 'F', TO_DATE('2004-04-09', 'YYYY-MM-DD'), 'Địa chỉ 7', '0969558250', 'CT04', 'NG04', 107, 5.59);
INSERT INTO SINHVIEN (MASV, HOTEN, PHAI, NGSINH, DCHI, DT, MACT, MANGANH, SOTCTL, DTBTL) VALUES ('SV008', 'Sinh viên 8', 'F', TO_DATE('2002-09-13', 'YYYY-MM-DD'), 'Địa chỉ 8', '0949401238', 'CT01', 'NG01', 112, 6.65);
INSERT INTO SINHVIEN (MASV, HOTEN, PHAI, NGSINH, DCHI, DT, MACT, MANGANH, SOTCTL, DTBTL) VALUES ('SV009', 'Sinh viên 9', 'F', TO_DATE('1999-05-26', 'YYYY-MM-DD'), 'Địa chỉ 9', '0972944434', 'CT04', 'NG03', 128, 8.32);
INSERT INTO SINHVIEN (MASV, HOTEN, PHAI, NGSINH, DCHI, DT, MACT, MANGANH, SOTCTL, DTBTL) VALUES ('SV010', 'Sinh viên 10', 'F', TO_DATE('2000-12-27', 'YYYY-MM-DD'), 'Địa chỉ 10', '0944968276', 'CT01', 'NG02', 112, 7.09);
INSERT INTO SINHVIEN (MASV, HOTEN, PHAI, NGSINH, DCHI, DT, MACT, MANGANH, SOTCTL, DTBTL) VALUES ('SV011', 'Sinh viên 11', 'F', TO_DATE('2000-08-31', 'YYYY-MM-DD'), 'Địa chỉ 11', '0984601654', 'CT01', 'NG03', 101, 5.31);
INSERT INTO SINHVIEN (MASV, HOTEN, PHAI, NGSINH, DCHI, DT, MACT, MANGANH, SOTCTL, DTBTL) VALUES ('SV012', 'Sinh viên 12', 'M', TO_DATE('1999-04-24', 'YYYY-MM-DD'), 'Địa chỉ 12', '0978181597', 'CT03', 'NG04', 142, 7.63);
INSERT INTO SINHVIEN (MASV, HOTEN, PHAI, NGSINH, DCHI, DT, MACT, MANGANH, SOTCTL, DTBTL) VALUES ('SV013', 'Sinh viên 13', 'M', TO_DATE('2003-06-06', 'YYYY-MM-DD'), 'Địa chỉ 13', '0966359457', 'CT04', 'NG05', 137, 9.18);
INSERT INTO SINHVIEN (MASV, HOTEN, PHAI, NGSINH, DCHI, DT, MACT, MANGANH, SOTCTL, DTBTL) VALUES ('SV014', 'Sinh viên 14', 'F', TO_DATE('1996-05-24', 'YYYY-MM-DD'), 'Địa chỉ 14', '0964554585', 'CT02', 'NG01', 121, 6.97);
INSERT INTO SINHVIEN (MASV, HOTEN, PHAI, NGSINH, DCHI, DT, MACT, MANGANH, SOTCTL, DTBTL) VALUES ('SV015', 'Sinh viên 15', 'F', TO_DATE('2001-04-27', 'YYYY-MM-DD'), 'Địa chỉ 15', '0984212016', 'CT05', 'NG04', 137, 8.58);
INSERT INTO SINHVIEN (MASV, HOTEN, PHAI, NGSINH, DCHI, DT, MACT, MANGANH, SOTCTL, DTBTL) VALUES ('SV016', 'Sinh viên 16', 'F', TO_DATE('1999-12-02', 'YYYY-MM-DD'), 'Địa chỉ 16', '0923348864', 'CT01', 'NG02', 106, 7.19);
INSERT INTO SINHVIEN (MASV, HOTEN, PHAI, NGSINH, DCHI, DT, MACT, MANGANH, SOTCTL, DTBTL) VALUES ('SV017', 'Sinh viên 17', 'F', TO_DATE('2002-11-29', 'YYYY-MM-DD'), 'Địa chỉ 17', '0910911516', 'CT01', 'NG03', 104, 5.18);
INSERT INTO SINHVIEN (MASV, HOTEN, PHAI, NGSINH, DCHI, DT, MACT, MANGANH, SOTCTL, DTBTL) VALUES ('SV018', 'Sinh viên 18', 'F', TO_DATE('2000-04-19', 'YYYY-MM-DD'), 'Địa chỉ 18', '0929719941', 'CT01', 'NG03', 104, 9.82);
INSERT INTO SINHVIEN (MASV, HOTEN, PHAI, NGSINH, DCHI, DT, MACT, MANGANH, SOTCTL, DTBTL) VALUES ('SV019', 'Sinh viên 19', 'F', TO_DATE('2001-02-03', 'YYYY-MM-DD'), 'Địa chỉ 19', '0984771004', 'CT01', 'NG02', 133, 5.22);
INSERT INTO SINHVIEN (MASV, HOTEN, PHAI, NGSINH, DCHI, DT, MACT, MANGANH, SOTCTL, DTBTL) VALUES ('SV020', 'Sinh viên 20', 'F', TO_DATE('2004-02-08', 'YYYY-MM-DD'), 'Địa chỉ 20', '0911899654', 'CT04', 'NG02', 104, 10.0);
INSERT INTO SINHVIEN (MASV, HOTEN, PHAI, NGSINH, DCHI, DT, MACT, MANGANH, SOTCTL, DTBTL) VALUES ('SV021', 'Sinh viên 21', 'F', TO_DATE('2000-01-17', 'YYYY-MM-DD'), 'Địa chỉ 21', '0971511104', 'CT05', 'NG01', 122, 5.38);
INSERT INTO SINHVIEN (MASV, HOTEN, PHAI, NGSINH, DCHI, DT, MACT, MANGANH, SOTCTL, DTBTL) VALUES ('SV022', 'Sinh viên 22', 'F', TO_DATE('1997-08-31', 'YYYY-MM-DD'), 'Địa chỉ 22', '0996553768', 'CT03', 'NG05', 148, 7.14);
INSERT INTO SINHVIEN (MASV, HOTEN, PHAI, NGSINH, DCHI, DT, MACT, MANGANH, SOTCTL, DTBTL) VALUES ('SV023', 'Sinh viên 23', 'F', TO_DATE('1997-06-24', 'YYYY-MM-DD'), 'Địa chỉ 23', '0993549437', 'CT03', 'NG02', 133, 9.67);
INSERT INTO SINHVIEN (MASV, HOTEN, PHAI, NGSINH, DCHI, DT, MACT, MANGANH, SOTCTL, DTBTL) VALUES ('SV024', 'Sinh viên 24', 'M', TO_DATE('1996-03-11', 'YYYY-MM-DD'), 'Địa chỉ 24', '0979636475', 'CT03', 'NG04', 106, 8.84);
INSERT INTO SINHVIEN (MASV, HOTEN, PHAI, NGSINH, DCHI, DT, MACT, MANGANH, SOTCTL, DTBTL) VALUES ('SV025', 'Sinh viên 25', 'M', TO_DATE('2001-02-17', 'YYYY-MM-DD'), 'Địa chỉ 25', '0942986486', 'CT04', 'NG03', 129, 8.91);
INSERT INTO SINHVIEN (MASV, HOTEN, PHAI, NGSINH, DCHI, DT, MACT, MANGANH, SOTCTL, DTBTL) VALUES ('SV026', 'Sinh viên 26', 'F', TO_DATE('1998-12-20', 'YYYY-MM-DD'), 'Địa chỉ 26', '0986267162', 'CT04', 'NG05', 133, 5.37);
INSERT INTO SINHVIEN (MASV, HOTEN, PHAI, NGSINH, DCHI, DT, MACT, MANGANH, SOTCTL, DTBTL) VALUES ('SV027', 'Sinh viên 27', 'F', TO_DATE('1997-12-09', 'YYYY-MM-DD'), 'Địa chỉ 27', '0997685531', 'CT03', 'NG04', 132, 5.83);
INSERT INTO SINHVIEN (MASV, HOTEN, PHAI, NGSINH, DCHI, DT, MACT, MANGANH, SOTCTL, DTBTL) VALUES ('SV028', 'Sinh viên 28', 'F', TO_DATE('1997-09-09', 'YYYY-MM-DD'), 'Địa chỉ 28', '0987666458', 'CT05', 'NG01', 118, 6.04);
INSERT INTO SINHVIEN (MASV, HOTEN, PHAI, NGSINH, DCHI, DT, MACT, MANGANH, SOTCTL, DTBTL) VALUES ('SV029', 'Sinh viên 29', 'F', TO_DATE('2001-12-09', 'YYYY-MM-DD'), 'Địa chỉ 29', '0915878613', 'CT05', 'NG04', 104, 5.41);
INSERT INTO SINHVIEN (MASV, HOTEN, PHAI, NGSINH, DCHI, DT, MACT, MANGANH, SOTCTL, DTBTL) VALUES ('SV030', 'Sinh viên 30', 'F', TO_DATE('2004-10-26', 'YYYY-MM-DD'), 'Địa chỉ 30', '0982300536', 'CT03', 'NG04', 141, 9.39);
INSERT INTO SINHVIEN (MASV, HOTEN, PHAI, NGSINH, DCHI, DT, MACT, MANGANH, SOTCTL, DTBTL) VALUES ('SV031', 'Sinh viên 31', 'F', TO_DATE('1996-07-21', 'YYYY-MM-DD'), 'Địa chỉ 31', '0952347189', 'CT04', 'NG01', 140, 6.59);
INSERT INTO SINHVIEN (MASV, HOTEN, PHAI, NGSINH, DCHI, DT, MACT, MANGANH, SOTCTL, DTBTL) VALUES ('SV032', 'Sinh viên 32', 'F', TO_DATE('1996-05-27', 'YYYY-MM-DD'), 'Địa chỉ 32', '0976319771', 'CT02', 'NG04', 120, 5.73);
INSERT INTO SINHVIEN (MASV, HOTEN, PHAI, NGSINH, DCHI, DT, MACT, MANGANH, SOTCTL, DTBTL) VALUES ('SV033', 'Sinh viên 33', 'M', TO_DATE('2004-04-27', 'YYYY-MM-DD'), 'Địa chỉ 33', '0978097359', 'CT05', 'NG02', 121, 8.61);
INSERT INTO SINHVIEN (MASV, HOTEN, PHAI, NGSINH, DCHI, DT, MACT, MANGANH, SOTCTL, DTBTL) VALUES ('SV034', 'Sinh viên 34', 'M', TO_DATE('1996-09-04', 'YYYY-MM-DD'), 'Địa chỉ 34', '0914769088', 'CT01', 'NG04', 101, 8.33);
INSERT INTO SINHVIEN (MASV, HOTEN, PHAI, NGSINH, DCHI, DT, MACT, MANGANH, SOTCTL, DTBTL) VALUES ('SV035', 'Sinh viên 35', 'M', TO_DATE('1999-04-29', 'YYYY-MM-DD'), 'Địa chỉ 35', '0936969571', 'CT01', 'NG02', 101, 6.25);
INSERT INTO SINHVIEN (MASV, HOTEN, PHAI, NGSINH, DCHI, DT, MACT, MANGANH, SOTCTL, DTBTL) VALUES ('SV036', 'Sinh viên 36', 'M', TO_DATE('1995-10-12', 'YYYY-MM-DD'), 'Địa chỉ 36', '0988091932', 'CT04', 'NG02', 149, 6.61);
INSERT INTO SINHVIEN (MASV, HOTEN, PHAI, NGSINH, DCHI, DT, MACT, MANGANH, SOTCTL, DTBTL) VALUES ('SV037', 'Sinh viên 37', 'M', TO_DATE('1997-12-12', 'YYYY-MM-DD'), 'Địa chỉ 37', '0998694809', 'CT03', 'NG03', 104, 5.1);
INSERT INTO SINHVIEN (MASV, HOTEN, PHAI, NGSINH, DCHI, DT, MACT, MANGANH, SOTCTL, DTBTL) VALUES ('SV038', 'Sinh viên 38', 'M', TO_DATE('2004-05-18', 'YYYY-MM-DD'), 'Địa chỉ 38', '0941828595', 'CT05', 'NG02', 131, 9.27);
INSERT INTO SINHVIEN (MASV, HOTEN, PHAI, NGSINH, DCHI, DT, MACT, MANGANH, SOTCTL, DTBTL) VALUES ('SV039', 'Sinh viên 39', 'M', TO_DATE('1995-04-21', 'YYYY-MM-DD'), 'Địa chỉ 39', '0974661308', 'CT05', 'NG04', 150, 9.28);
INSERT INTO SINHVIEN (MASV, HOTEN, PHAI, NGSINH, DCHI, DT, MACT, MANGANH, SOTCTL, DTBTL) VALUES ('SV040', 'Sinh viên 40', 'F', TO_DATE('2003-01-13', 'YYYY-MM-DD'), 'Địa chỉ 40', '0998626363', 'CT03', 'NG01', 129, 8.62);
INSERT INTO SINHVIEN (MASV, HOTEN, PHAI, NGSINH, DCHI, DT, MACT, MANGANH, SOTCTL, DTBTL) VALUES ('SV041', 'Sinh viên 41', 'M', TO_DATE('2002-01-09', 'YYYY-MM-DD'), 'Địa chỉ 41', '0915345078', 'CT05', 'NG05', 149, 7.68);
INSERT INTO SINHVIEN (MASV, HOTEN, PHAI, NGSINH, DCHI, DT, MACT, MANGANH, SOTCTL, DTBTL) VALUES ('SV042', 'Sinh viên 42', 'F', TO_DATE('1996-01-04', 'YYYY-MM-DD'), 'Địa chỉ 42', '0940812862', 'CT02', 'NG03', 104, 8.14);
INSERT INTO SINHVIEN (MASV, HOTEN, PHAI, NGSINH, DCHI, DT, MACT, MANGANH, SOTCTL, DTBTL) VALUES ('SV043', 'Sinh viên 43', 'M', TO_DATE('1995-07-26', 'YYYY-MM-DD'), 'Địa chỉ 43', '0913730454', 'CT03', 'NG05', 143, 7.53);
INSERT INTO SINHVIEN (MASV, HOTEN, PHAI, NGSINH, DCHI, DT, MACT, MANGANH, SOTCTL, DTBTL) VALUES ('SV044', 'Sinh viên 44', 'M', TO_DATE('1999-12-20', 'YYYY-MM-DD'), 'Địa chỉ 44', '0910782240', 'CT02', 'NG02', 116, 7.42);
INSERT INTO SINHVIEN (MASV, HOTEN, PHAI, NGSINH, DCHI, DT, MACT, MANGANH, SOTCTL, DTBTL) VALUES ('SV045', 'Sinh viên 45', 'F', TO_DATE('2000-12-26', 'YYYY-MM-DD'), 'Địa chỉ 45', '0940347463', 'CT01', 'NG03', 116, 6.46);
INSERT INTO SINHVIEN (MASV, HOTEN, PHAI, NGSINH, DCHI, DT, MACT, MANGANH, SOTCTL, DTBTL) VALUES ('SV046', 'Sinh viên 46', 'F', TO_DATE('1998-01-28', 'YYYY-MM-DD'), 'Địa chỉ 46', '0948264090', 'CT03', 'NG02', 141, 6.77);
INSERT INTO SINHVIEN (MASV, HOTEN, PHAI, NGSINH, DCHI, DT, MACT, MANGANH, SOTCTL, DTBTL) VALUES ('SV047', 'Sinh viên 47', 'F', TO_DATE('1998-06-28', 'YYYY-MM-DD'), 'Địa chỉ 47', '0917415374', 'CT03', 'NG04', 134, 8.92);
INSERT INTO SINHVIEN (MASV, HOTEN, PHAI, NGSINH, DCHI, DT, MACT, MANGANH, SOTCTL, DTBTL) VALUES ('SV048', 'Sinh viên 48', 'F', TO_DATE('1995-04-12', 'YYYY-MM-DD'), 'Địa chỉ 48', '0915926479', 'CT04', 'NG03', 135, 6.31);
INSERT INTO SINHVIEN (MASV, HOTEN, PHAI, NGSINH, DCHI, DT, MACT, MANGANH, SOTCTL, DTBTL) VALUES ('SV049', 'Sinh viên 49', 'M', TO_DATE('1999-03-25', 'YYYY-MM-DD'), 'Địa chỉ 49', '0916179644', 'CT02', 'NG01', 117, 6.49);
INSERT INTO SINHVIEN (MASV, HOTEN, PHAI, NGSINH, DCHI, DT, MACT, MANGANH, SOTCTL, DTBTL) VALUES ('SV050', 'Sinh viên 50', 'F', TO_DATE('1999-09-01', 'YYYY-MM-DD'), 'Địa chỉ 50', '0956010480', 'CT04', 'NG01', 142, 8.29);
INSERT INTO SINHVIEN (MASV, HOTEN, PHAI, NGSINH, DCHI, DT, MACT, MANGANH, SOTCTL, DTBTL) VALUES ('SV051', 'Sinh viên 51', 'F', TO_DATE('2003-10-08', 'YYYY-MM-DD'), 'Địa chỉ 51', '0940343550', 'CT05', 'NG05', 101, 6.37);
INSERT INTO SINHVIEN (MASV, HOTEN, PHAI, NGSINH, DCHI, DT, MACT, MANGANH, SOTCTL, DTBTL) VALUES ('SV052', 'Sinh viên 52', 'M', TO_DATE('2003-03-10', 'YYYY-MM-DD'), 'Địa chỉ 52', '0967152521', 'CT03', 'NG03', 128, 6.9);
INSERT INTO SINHVIEN (MASV, HOTEN, PHAI, NGSINH, DCHI, DT, MACT, MANGANH, SOTCTL, DTBTL) VALUES ('SV053', 'Sinh viên 53', 'M', TO_DATE('2003-01-04', 'YYYY-MM-DD'), 'Địa chỉ 53', '0951055574', 'CT03', 'NG04', 126, 6.56);
INSERT INTO SINHVIEN (MASV, HOTEN, PHAI, NGSINH, DCHI, DT, MACT, MANGANH, SOTCTL, DTBTL) VALUES ('SV054', 'Sinh viên 54', 'F', TO_DATE('2002-10-11', 'YYYY-MM-DD'), 'Địa chỉ 54', '0977913230', 'CT05', 'NG05', 136, 8.88);
INSERT INTO SINHVIEN (MASV, HOTEN, PHAI, NGSINH, DCHI, DT, MACT, MANGANH, SOTCTL, DTBTL) VALUES ('SV055', 'Sinh viên 55', 'M', TO_DATE('1998-04-01', 'YYYY-MM-DD'), 'Địa chỉ 55', '0945857137', 'CT04', 'NG02', 116, 9.0);
INSERT INTO SINHVIEN (MASV, HOTEN, PHAI, NGSINH, DCHI, DT, MACT, MANGANH, SOTCTL, DTBTL) VALUES ('SV056', 'Sinh viên 56', 'F', TO_DATE('1995-07-30', 'YYYY-MM-DD'), 'Địa chỉ 56', '0952830425', 'CT04', 'NG04', 106, 5.03);
INSERT INTO SINHVIEN (MASV, HOTEN, PHAI, NGSINH, DCHI, DT, MACT, MANGANH, SOTCTL, DTBTL) VALUES ('SV057', 'Sinh viên 57', 'F', TO_DATE('2004-03-08', 'YYYY-MM-DD'), 'Địa chỉ 57', '0928591257', 'CT04', 'NG01', 102, 8.3);
INSERT INTO SINHVIEN (MASV, HOTEN, PHAI, NGSINH, DCHI, DT, MACT, MANGANH, SOTCTL, DTBTL) VALUES ('SV058', 'Sinh viên 58', 'M', TO_DATE('1997-02-23', 'YYYY-MM-DD'), 'Địa chỉ 58', '0964551204', 'CT05', 'NG05', 134, 7.22);
INSERT INTO SINHVIEN (MASV, HOTEN, PHAI, NGSINH, DCHI, DT, MACT, MANGANH, SOTCTL, DTBTL) VALUES ('SV059', 'Sinh viên 59', 'F', TO_DATE('1998-01-17', 'YYYY-MM-DD'), 'Địa chỉ 59', '0931496718', 'CT03', 'NG02', 123, 8.92);
INSERT INTO SINHVIEN (MASV, HOTEN, PHAI, NGSINH, DCHI, DT, MACT, MANGANH, SOTCTL, DTBTL) VALUES ('SV060', 'Sinh viên 60', 'M', TO_DATE('1999-06-12', 'YYYY-MM-DD'), 'Địa chỉ 60', '0928110698', 'CT01', 'NG03', 103, 8.11);
INSERT INTO SINHVIEN (MASV, HOTEN, PHAI, NGSINH, DCHI, DT, MACT, MANGANH, SOTCTL, DTBTL) VALUES ('SV061', 'Sinh viên 61', 'F', TO_DATE('2003-11-29', 'YYYY-MM-DD'), 'Địa chỉ 61', '0918577245', 'CT03', 'NG03', 128, 6.27);
INSERT INTO SINHVIEN (MASV, HOTEN, PHAI, NGSINH, DCHI, DT, MACT, MANGANH, SOTCTL, DTBTL) VALUES ('SV062', 'Sinh viên 62', 'M', TO_DATE('1996-08-12', 'YYYY-MM-DD'), 'Địa chỉ 62', '0971645663', 'CT05', 'NG01', 136, 6.38);
INSERT INTO SINHVIEN (MASV, HOTEN, PHAI, NGSINH, DCHI, DT, MACT, MANGANH, SOTCTL, DTBTL) VALUES ('SV063', 'Sinh viên 63', 'F', TO_DATE('1995-10-25', 'YYYY-MM-DD'), 'Địa chỉ 63', '0927971351', 'CT03', 'NG04', 138, 5.89);
INSERT INTO SINHVIEN (MASV, HOTEN, PHAI, NGSINH, DCHI, DT, MACT, MANGANH, SOTCTL, DTBTL) VALUES ('SV064', 'Sinh viên 64', 'F', TO_DATE('2003-10-19', 'YYYY-MM-DD'), 'Địa chỉ 64', '0980081357', 'CT02', 'NG01', 146, 5.76);
INSERT INTO SINHVIEN (MASV, HOTEN, PHAI, NGSINH, DCHI, DT, MACT, MANGANH, SOTCTL, DTBTL) VALUES ('SV065', 'Sinh viên 65', 'M', TO_DATE('1995-03-30', 'YYYY-MM-DD'), 'Địa chỉ 65', '0931229198', 'CT04', 'NG05', 112, 7.66);
INSERT INTO SINHVIEN (MASV, HOTEN, PHAI, NGSINH, DCHI, DT, MACT, MANGANH, SOTCTL, DTBTL) VALUES ('SV066', 'Sinh viên 66', 'F', TO_DATE('2000-12-27', 'YYYY-MM-DD'), 'Địa chỉ 66', '0985667908', 'CT05', 'NG05', 146, 7.72);
INSERT INTO SINHVIEN (MASV, HOTEN, PHAI, NGSINH, DCHI, DT, MACT, MANGANH, SOTCTL, DTBTL) VALUES ('SV067', 'Sinh viên 67', 'M', TO_DATE('1997-02-15', 'YYYY-MM-DD'), 'Địa chỉ 67', '0929868326', 'CT03', 'NG04', 114, 6.13);
INSERT INTO SINHVIEN (MASV, HOTEN, PHAI, NGSINH, DCHI, DT, MACT, MANGANH, SOTCTL, DTBTL) VALUES ('SV068', 'Sinh viên 68', 'F', TO_DATE('1996-03-19', 'YYYY-MM-DD'), 'Địa chỉ 68', '0970279582', 'CT01', 'NG04', 126, 8.04);
INSERT INTO SINHVIEN (MASV, HOTEN, PHAI, NGSINH, DCHI, DT, MACT, MANGANH, SOTCTL, DTBTL) VALUES ('SV069', 'Sinh viên 69', 'M', TO_DATE('2000-03-04', 'YYYY-MM-DD'), 'Địa chỉ 69', '0917699087', 'CT04', 'NG02', 124, 5.32);
INSERT INTO SINHVIEN (MASV, HOTEN, PHAI, NGSINH, DCHI, DT, MACT, MANGANH, SOTCTL, DTBTL) VALUES ('SV070', 'Sinh viên 70', 'M', TO_DATE('2000-12-18', 'YYYY-MM-DD'), 'Địa chỉ 70', '0918648695', 'CT05', 'NG04', 108, 7.51);
INSERT INTO SINHVIEN (MASV, HOTEN, PHAI, NGSINH, DCHI, DT, MACT, MANGANH, SOTCTL, DTBTL) VALUES ('SV071', 'Sinh viên 71', 'F', TO_DATE('1997-09-18', 'YYYY-MM-DD'), 'Địa chỉ 71', '0967825251', 'CT04', 'NG02', 104, 9.46);
INSERT INTO SINHVIEN (MASV, HOTEN, PHAI, NGSINH, DCHI, DT, MACT, MANGANH, SOTCTL, DTBTL) VALUES ('SV072', 'Sinh viên 72', 'M', TO_DATE('1997-09-08', 'YYYY-MM-DD'), 'Địa chỉ 72', '0914612691', 'CT03', 'NG01', 111, 7.02);
INSERT INTO SINHVIEN (MASV, HOTEN, PHAI, NGSINH, DCHI, DT, MACT, MANGANH, SOTCTL, DTBTL) VALUES ('SV073', 'Sinh viên 73', 'F', TO_DATE('1995-02-12', 'YYYY-MM-DD'), 'Địa chỉ 73', '0997831932', 'CT05', 'NG04', 110, 6.38);
INSERT INTO SINHVIEN (MASV, HOTEN, PHAI, NGSINH, DCHI, DT, MACT, MANGANH, SOTCTL, DTBTL) VALUES ('SV074', 'Sinh viên 74', 'F', TO_DATE('2001-02-04', 'YYYY-MM-DD'), 'Địa chỉ 74', '0988077039', 'CT03', 'NG04', 138, 8.53);
INSERT INTO SINHVIEN (MASV, HOTEN, PHAI, NGSINH, DCHI, DT, MACT, MANGANH, SOTCTL, DTBTL) VALUES ('SV075', 'Sinh viên 75', 'F', TO_DATE('2000-03-23', 'YYYY-MM-DD'), 'Địa chỉ 75', '0910986259', 'CT03', 'NG01', 106, 7.85);
INSERT INTO SINHVIEN (MASV, HOTEN, PHAI, NGSINH, DCHI, DT, MACT, MANGANH, SOTCTL, DTBTL) VALUES ('SV076', 'Sinh viên 76', 'F', TO_DATE('2004-12-31', 'YYYY-MM-DD'), 'Địa chỉ 76', '0957832213', 'CT05', 'NG05', 116, 5.33);
INSERT INTO SINHVIEN (MASV, HOTEN, PHAI, NGSINH, DCHI, DT, MACT, MANGANH, SOTCTL, DTBTL) VALUES ('SV077', 'Sinh viên 77', 'M', TO_DATE('1997-07-26', 'YYYY-MM-DD'), 'Địa chỉ 77', '0928411694', 'CT05', 'NG05', 130, 8.11);
INSERT INTO SINHVIEN (MASV, HOTEN, PHAI, NGSINH, DCHI, DT, MACT, MANGANH, SOTCTL, DTBTL) VALUES ('SV078', 'Sinh viên 78', 'F', TO_DATE('1996-03-18', 'YYYY-MM-DD'), 'Địa chỉ 78', '0956817242', 'CT02', 'NG03', 130, 5.5);
INSERT INTO SINHVIEN (MASV, HOTEN, PHAI, NGSINH, DCHI, DT, MACT, MANGANH, SOTCTL, DTBTL) VALUES ('SV079', 'Sinh viên 79', 'M', TO_DATE('2000-02-04', 'YYYY-MM-DD'), 'Địa chỉ 79', '0920383365', 'CT03', 'NG01', 113, 7.21);
INSERT INTO SINHVIEN (MASV, HOTEN, PHAI, NGSINH, DCHI, DT, MACT, MANGANH, SOTCTL, DTBTL) VALUES ('SV080', 'Sinh viên 80', 'M', TO_DATE('2003-05-06', 'YYYY-MM-DD'), 'Địa chỉ 80', '0921674843', 'CT02', 'NG05', 138, 8.32);
INSERT INTO SINHVIEN (MASV, HOTEN, PHAI, NGSINH, DCHI, DT, MACT, MANGANH, SOTCTL, DTBTL) VALUES ('SV081', 'Sinh viên 81', 'M', TO_DATE('1999-01-29', 'YYYY-MM-DD'), 'Địa chỉ 81', '0957240690', 'CT02', 'NG05', 110, 7.31);
INSERT INTO SINHVIEN (MASV, HOTEN, PHAI, NGSINH, DCHI, DT, MACT, MANGANH, SOTCTL, DTBTL) VALUES ('SV082', 'Sinh viên 82', 'M', TO_DATE('1998-12-29', 'YYYY-MM-DD'), 'Địa chỉ 82', '0932702646', 'CT02', 'NG01', 103, 5.51);
INSERT INTO SINHVIEN (MASV, HOTEN, PHAI, NGSINH, DCHI, DT, MACT, MANGANH, SOTCTL, DTBTL) VALUES ('SV083', 'Sinh viên 83', 'F', TO_DATE('1997-01-13', 'YYYY-MM-DD'), 'Địa chỉ 83', '0949652062', 'CT03', 'NG01', 101, 7.71);
INSERT INTO SINHVIEN (MASV, HOTEN, PHAI, NGSINH, DCHI, DT, MACT, MANGANH, SOTCTL, DTBTL) VALUES ('SV084', 'Sinh viên 84', 'M', TO_DATE('2002-04-11', 'YYYY-MM-DD'), 'Địa chỉ 84', '0937301019', 'CT02', 'NG01', 115, 7.42);
INSERT INTO SINHVIEN (MASV, HOTEN, PHAI, NGSINH, DCHI, DT, MACT, MANGANH, SOTCTL, DTBTL) VALUES ('SV085', 'Sinh viên 85', 'M', TO_DATE('1997-03-17', 'YYYY-MM-DD'), 'Địa chỉ 85', '0933158356', 'CT05', 'NG01', 111, 9.88);
INSERT INTO SINHVIEN (MASV, HOTEN, PHAI, NGSINH, DCHI, DT, MACT, MANGANH, SOTCTL, DTBTL) VALUES ('SV086', 'Sinh viên 86', 'F', TO_DATE('2002-02-16', 'YYYY-MM-DD'), 'Địa chỉ 86', '0944194154', 'CT05', 'NG01', 147, 8.15);
INSERT INTO SINHVIEN (MASV, HOTEN, PHAI, NGSINH, DCHI, DT, MACT, MANGANH, SOTCTL, DTBTL) VALUES ('SV087', 'Sinh viên 87', 'F', TO_DATE('2003-05-14', 'YYYY-MM-DD'), 'Địa chỉ 87', '0975473517', 'CT01', 'NG05', 112, 5.68);
INSERT INTO SINHVIEN (MASV, HOTEN, PHAI, NGSINH, DCHI, DT, MACT, MANGANH, SOTCTL, DTBTL) VALUES ('SV088', 'Sinh viên 88', 'M', TO_DATE('2001-08-16', 'YYYY-MM-DD'), 'Địa chỉ 88', '0925373472', 'CT02', 'NG02', 144, 6.61);
INSERT INTO SINHVIEN (MASV, HOTEN, PHAI, NGSINH, DCHI, DT, MACT, MANGANH, SOTCTL, DTBTL) VALUES ('SV089', 'Sinh viên 89', 'M', TO_DATE('1999-05-13', 'YYYY-MM-DD'), 'Địa chỉ 89', '0920114364', 'CT03', 'NG02', 138, 5.81);
INSERT INTO SINHVIEN (MASV, HOTEN, PHAI, NGSINH, DCHI, DT, MACT, MANGANH, SOTCTL, DTBTL) VALUES ('SV090', 'Sinh viên 90', 'F', TO_DATE('2001-12-26', 'YYYY-MM-DD'), 'Địa chỉ 90', '0927374488', 'CT02', 'NG05', 145, 7.59);
INSERT INTO SINHVIEN (MASV, HOTEN, PHAI, NGSINH, DCHI, DT, MACT, MANGANH, SOTCTL, DTBTL) VALUES ('SV091', 'Sinh viên 91', 'F', TO_DATE('1997-09-01', 'YYYY-MM-DD'), 'Địa chỉ 91', '0998272887', 'CT03', 'NG03', 140, 8.49);
INSERT INTO SINHVIEN (MASV, HOTEN, PHAI, NGSINH, DCHI, DT, MACT, MANGANH, SOTCTL, DTBTL) VALUES ('SV092', 'Sinh viên 92', 'M', TO_DATE('2000-04-12', 'YYYY-MM-DD'), 'Địa chỉ 92', '0910573488', 'CT05', 'NG04', 112, 8.03);
INSERT INTO SINHVIEN (MASV, HOTEN, PHAI, NGSINH, DCHI, DT, MACT, MANGANH, SOTCTL, DTBTL) VALUES ('SV093', 'Sinh viên 93', 'F', TO_DATE('1997-01-23', 'YYYY-MM-DD'), 'Địa chỉ 93', '0913499849', 'CT05', 'NG04', 125, 5.38);
INSERT INTO SINHVIEN (MASV, HOTEN, PHAI, NGSINH, DCHI, DT, MACT, MANGANH, SOTCTL, DTBTL) VALUES ('SV094', 'Sinh viên 94', 'M', TO_DATE('1996-08-03', 'YYYY-MM-DD'), 'Địa chỉ 94', '0993926104', 'CT05', 'NG04', 117, 5.47);
INSERT INTO SINHVIEN (MASV, HOTEN, PHAI, NGSINH, DCHI, DT, MACT, MANGANH, SOTCTL, DTBTL) VALUES ('SV095', 'Sinh viên 95', 'M', TO_DATE('2003-11-02', 'YYYY-MM-DD'), 'Địa chỉ 95', '0925518749', 'CT03', 'NG05', 116, 9.27);
INSERT INTO SINHVIEN (MASV, HOTEN, PHAI, NGSINH, DCHI, DT, MACT, MANGANH, SOTCTL, DTBTL) VALUES ('SV096', 'Sinh viên 96', 'F', TO_DATE('2004-11-17', 'YYYY-MM-DD'), 'Địa chỉ 96', '0957622508', 'CT05', 'NG03', 123, 7.29);
INSERT INTO SINHVIEN (MASV, HOTEN, PHAI, NGSINH, DCHI, DT, MACT, MANGANH, SOTCTL, DTBTL) VALUES ('SV097', 'Sinh viên 97', 'F', TO_DATE('1999-07-13', 'YYYY-MM-DD'), 'Địa chỉ 97', '0919116092', 'CT03', 'NG01', 146, 10.0);
INSERT INTO SINHVIEN (MASV, HOTEN, PHAI, NGSINH, DCHI, DT, MACT, MANGANH, SOTCTL, DTBTL) VALUES ('SV098', 'Sinh viên 98', 'F', TO_DATE('2001-03-11', 'YYYY-MM-DD'), 'Địa chỉ 98', '0941769480', 'CT03', 'NG05', 117, 5.8);
INSERT INTO SINHVIEN (MASV, HOTEN, PHAI, NGSINH, DCHI, DT, MACT, MANGANH, SOTCTL, DTBTL) VALUES ('SV099', 'Sinh viên 99', 'F', TO_DATE('2004-05-05', 'YYYY-MM-DD'), 'Địa chỉ 99', '0978185520', 'CT02', 'NG05', 117, 8.26);
INSERT INTO SINHVIEN (MASV, HOTEN, PHAI, NGSINH, DCHI, DT, MACT, MANGANH, SOTCTL, DTBTL) VALUES ('SV100', 'Sinh viên 100', 'F', TO_DATE('1996-05-22', 'YYYY-MM-DD'), 'Địa chỉ 100', '0971766629', 'CT05', 'NG04', 143, 5.75);
INSERT INTO HOCPHAN (MAHP, TENHP, SOTC, STLT, STTH, SOSVTD, MADV) VALUES ('HP01', 'Học phần 1', 4, 31, 20, 46, 'DV01');
INSERT INTO HOCPHAN (MAHP, TENHP, SOTC, STLT, STTH, SOSVTD, MADV) VALUES ('HP02', 'Học phần 2', 2, 22, 17, 41, 'DV10');
INSERT INTO HOCPHAN (MAHP, TENHP, SOTC, STLT, STTH, SOSVTD, MADV) VALUES ('HP03', 'Học phần 3', 2, 37, 17, 31, 'DV09');
INSERT INTO HOCPHAN (MAHP, TENHP, SOTC, STLT, STTH, SOSVTD, MADV) VALUES ('HP04', 'Học phần 4', 3, 39, 11, 34, 'DV06');
INSERT INTO HOCPHAN (MAHP, TENHP, SOTC, STLT, STTH, SOSVTD, MADV) VALUES ('HP05', 'Học phần 5', 2, 31, 14, 47, 'DV09');
INSERT INTO HOCPHAN (MAHP, TENHP, SOTC, STLT, STTH, SOSVTD, MADV) VALUES ('HP06', 'Học phần 6', 4, 33, 15, 46, 'DV01');
INSERT INTO HOCPHAN (MAHP, TENHP, SOTC, STLT, STTH, SOSVTD, MADV) VALUES ('HP07', 'Học phần 7', 3, 23, 12, 45, 'DV04');
INSERT INTO HOCPHAN (MAHP, TENHP, SOTC, STLT, STTH, SOSVTD, MADV) VALUES ('HP08', 'Học phần 8', 4, 35, 15, 49, 'DV08');
INSERT INTO HOCPHAN (MAHP, TENHP, SOTC, STLT, STTH, SOSVTD, MADV) VALUES ('HP09', 'Học phần 9', 2, 40, 17, 39, 'DV01');
INSERT INTO HOCPHAN (MAHP, TENHP, SOTC, STLT, STTH, SOSVTD, MADV) VALUES ('HP10', 'Học phần 10', 3, 23, 10, 51, 'DV06');
INSERT INTO KHMO (MAHP, HK, NAM, MACT) VALUES ('HP01', 1, 2024, 'CT05');
INSERT INTO KHMO (MAHP, HK, NAM, MACT) VALUES ('HP02', 1, 2024, 'CT02');
INSERT INTO KHMO (MAHP, HK, NAM, MACT) VALUES ('HP03', 2, 2024, 'CT04');
INSERT INTO KHMO (MAHP, HK, NAM, MACT) VALUES ('HP04', 3, 2024, 'CT05');
INSERT INTO KHMO (MAHP, HK, NAM, MACT) VALUES ('HP05', 2, 2024, 'CT01');
INSERT INTO KHMO (MAHP, HK, NAM, MACT) VALUES ('HP06', 1, 2024, 'CT02');
INSERT INTO KHMO (MAHP, HK, NAM, MACT) VALUES ('HP07', 3, 2024, 'CT03');
INSERT INTO KHMO (MAHP, HK, NAM, MACT) VALUES ('HP08', 3, 2024, 'CT02');
INSERT INTO KHMO (MAHP, HK, NAM, MACT) VALUES ('HP09', 2, 2024, 'CT04');
INSERT INTO KHMO (MAHP, HK, NAM, MACT) VALUES ('HP10', 3, 2024, 'CT05');

-- Phân công 
INSERT INTO PHANCONG (MAGV, MAHP, HK, NAM, MACT) VALUES ('NV100', 'HP01', 1, 2024, 'CT02');
INSERT INTO PHANCONG (MAGV, MAHP, HK, NAM, MACT) VALUES ('NV046', 'HP02', 1, 2024, 'CT02');
INSERT INTO PHANCONG (MAGV, MAHP, HK, NAM, MACT) VALUES ('NV097', 'HP03', 1, 2024, 'CT05');
INSERT INTO PHANCONG (MAGV, MAHP, HK, NAM, MACT) VALUES ('NV053', 'HP04', 3, 2024, 'CT04');
INSERT INTO PHANCONG (MAGV, MAHP, HK, NAM, MACT) VALUES ('NV007', 'HP05', 2, 2024, 'CT01');
INSERT INTO PHANCONG (MAGV, MAHP, HK, NAM, MACT) VALUES ('NV011', 'HP06', 3, 2024, 'CT05');
INSERT INTO PHANCONG (MAGV, MAHP, HK, NAM, MACT) VALUES ('NV020', 'HP07', 1, 2024, 'CT05');
INSERT INTO PHANCONG (MAGV, MAHP, HK, NAM, MACT) VALUES ('NV058', 'HP08', 3, 2024, 'CT02');
INSERT INTO PHANCONG (MAGV, MAHP, HK, NAM, MACT) VALUES ('NV033', 'HP09', 1, 2024, 'CT05');
INSERT INTO PHANCONG (MAGV, MAHP, HK, NAM, MACT) VALUES ('NV064', 'HP10', 1, 2024, 'CT04');

-- Đăng ký 
INSERT INTO DANGKY (MASV, MAGV, MAHP, HK, NAM, MACT, DIEMTH, DIEMQT, DIEMCK, DIEMTK) VALUES ('SV001', 'NV007', 'HP05', 2, 2024, 'CT01', 8.0, 6.7, 5.4, 6.7);
INSERT INTO DANGKY (MASV, MAGV, MAHP, HK, NAM, MACT, DIEMTH, DIEMQT, DIEMCK, DIEMTK) VALUES ('SV002', 'NV046', 'HP02', 1, 2024, 'CT02', 8.5, 8.2, 7.1, 7.9);
INSERT INTO DANGKY (MASV, MAGV, MAHP, HK, NAM, MACT, DIEMTH, DIEMQT, DIEMCK, DIEMTK) VALUES ('SV003', 'NV097', 'HP03', 1, 2024, 'CT05', 9.8, 5.3, 7.3, 7.5);
INSERT INTO DANGKY (MASV, MAGV, MAHP, HK, NAM, MACT, DIEMTH, DIEMQT, DIEMCK, DIEMTK) VALUES ('SV004', 'NV007', 'HP05', 2, 2024, 'CT01', 8.3, 9.8, 8.0, 8.7);
INSERT INTO DANGKY (MASV, MAGV, MAHP, HK, NAM, MACT, DIEMTH, DIEMQT, DIEMCK, DIEMTK) VALUES ('SV005', 'NV053', 'HP04', 3, 2024, 'CT04', 6.2, 7.6, 7.0, 6.9);
INSERT INTO DANGKY (MASV, MAGV, MAHP, HK, NAM, MACT, DIEMTH, DIEMQT, DIEMCK, DIEMTK) VALUES ('SV006', 'NV058', 'HP08', 3, 2024, 'CT02', 9.0, 8.3, 9.5, 8.9);
INSERT INTO DANGKY (MASV, MAGV, MAHP, HK, NAM, MACT, DIEMTH, DIEMQT, DIEMCK, DIEMTK) VALUES ('SV007', 'NV064', 'HP10', 1, 2024, 'CT04', 8.1, 5.3, 9.6, 7.7);
INSERT INTO DANGKY (MASV, MAGV, MAHP, HK, NAM, MACT, DIEMTH, DIEMQT, DIEMCK, DIEMTK) VALUES ('SV008', 'NV020', 'HP07', 1, 2024, 'CT05', 7.0, 6.2, 7.1, 6.8);
INSERT INTO DANGKY (MASV, MAGV, MAHP, HK, NAM, MACT, DIEMTH, DIEMQT, DIEMCK, DIEMTK) VALUES ('SV009', 'NV064', 'HP10', 1, 2024, 'CT04', 7.4, 5.7, 5.4, 6.2);
INSERT INTO DANGKY (MASV, MAGV, MAHP, HK, NAM, MACT, DIEMTH, DIEMQT, DIEMCK, DIEMTK) VALUES ('SV010', 'NV046', 'HP02', 1, 2024, 'CT02', 6.8, 9.7, 8.5, 8.3);
INSERT INTO DANGKY (MASV, MAGV, MAHP, HK, NAM, MACT, DIEMTH, DIEMQT, DIEMCK, DIEMTK) VALUES ('SV011', 'NV053', 'HP04', 3, 2024, 'CT02', 7.1, 6.4, 6.7, 6.7);
INSERT INTO DANGKY (MASV, MAGV, MAHP, HK, NAM, MACT, DIEMTH, DIEMQT, DIEMCK, DIEMTK) VALUES ('SV012', 'NV033', 'HP09', 1, 2024, 'CT05', 7.0, 8.8, 7.8, 7.9);
INSERT INTO DANGKY (MASV, MAGV, MAHP, HK, NAM, MACT, DIEMTH, DIEMQT, DIEMCK, DIEMTK) VALUES ('SV013', 'NV020', 'HP07', 1, 2024, 'CT05', 7.8, 7.7, 5.7, 7.1);
INSERT INTO DANGKY (MASV, MAGV, MAHP, HK, NAM, MACT, DIEMTH, DIEMQT, DIEMCK, DIEMTK) VALUES ('SV014', 'NV007', 'HP05', 2, 2024, 'CT01', 8.7, 9.3, 9.0, 9.0);
INSERT INTO DANGKY (MASV, MAGV, MAHP, HK, NAM, MACT, DIEMTH, DIEMQT, DIEMCK, DIEMTK) VALUES ('SV015', 'NV058', 'HP08', 3, 2024, 'CT02', 6.0, 6.0, 7.6, 6.5);
INSERT INTO DANGKY (MASV, MAGV, MAHP, HK, NAM, MACT, DIEMTH, DIEMQT, DIEMCK, DIEMTK) VALUES ('SV016', 'NV064', 'HP10', 1, 2024, 'CT04', 5.6, 9.3, 7.1, 7.3);
INSERT INTO DANGKY (MASV, MAGV, MAHP, HK, NAM, MACT, DIEMTH, DIEMQT, DIEMCK, DIEMTK) VALUES ('SV017', 'NV011', 'HP06', 3, 2024, 'CT05', 6.4, 5.5, 9.6, 7.2);
INSERT INTO DANGKY (MASV, MAGV, MAHP, HK, NAM, MACT, DIEMTH, DIEMQT, DIEMCK, DIEMTK) VALUES ('SV018', 'NV053', 'HP04', 3, 2024, 'CT04', 8.5, 7.4, 7.7, 7.9);
INSERT INTO DANGKY (MASV, MAGV, MAHP, HK, NAM, MACT, DIEMTH, DIEMQT, DIEMCK, DIEMTK) VALUES ('SV019', 'NV011', 'HP06', 3, 2024, 'CT05', 5.6, 7.2, 6.1, 6.3);
INSERT INTO DANGKY (MASV, MAGV, MAHP, HK, NAM, MACT, DIEMTH, DIEMQT, DIEMCK, DIEMTK) VALUES ('SV020', 'NV033', 'HP09', 1, 2024, 'CT05', 9.2, 5.9, 5.3, 6.8);
INSERT INTO DANGKY (MASV, MAGV, MAHP, HK, NAM, MACT, DIEMTH, DIEMQT, DIEMCK, DIEMTK) VALUES ('SV021', 'NV020', 'HP07', 1, 2024, 'CT05', 7.4, 8.2, 9.4, 8.3);
INSERT INTO DANGKY (MASV, MAGV, MAHP, HK, NAM, MACT, DIEMTH, DIEMQT, DIEMCK, DIEMTK) VALUES ('SV022', 'NV097', 'HP03', 1, 2024, 'CT05', 9.5, 7.0, 8.3, 8.3);
INSERT INTO DANGKY (MASV, MAGV, MAHP, HK, NAM, MACT, DIEMTH, DIEMQT, DIEMCK, DIEMTK) VALUES ('SV023', 'NV046', 'HP02', 1, 2024, 'CT02', 9.5, 8.4, 8.5, 8.8);
INSERT INTO DANGKY (MASV, MAGV, MAHP, HK, NAM, MACT, DIEMTH, DIEMQT, DIEMCK, DIEMTK) VALUES ('SV024', 'NV097', 'HP03', 1, 2024, 'CT05', 6.0, 7.3, 5.2, 6.2);
INSERT INTO DANGKY (MASV, MAGV, MAHP, HK, NAM, MACT, DIEMTH, DIEMQT, DIEMCK, DIEMTK) VALUES ('SV025', 'NV046', 'HP02', 1, 2024, 'CT02', 7.1, 6.2, 6.4, 6.6);
